Model,Clean_Accuracy,Attack_eps_0.3
SimpleCNN,95.33,67.74
SimpleCNN+ART,99.0,95.89999999999999
DeepCNN,99.00999999999999,85.00999999999999
